<?xml version="1.0" encoding="UTF-8"?>
<project-private xmlns="http://www.netbeans.org/ns/project-private/1">
    <editor-bookmarks xmlns="http://www.netbeans.org/ns/editor-bookmarks/2" lastBookmarkId="0"/>
    <open-files xmlns="http://www.netbeans.org/ns/projectui-open-files/2">
        <group>
            <file>file:/C:/Users/BARATHI/Documents/NetBeansProjects/Sridhar_Barathi_002724505/Hospital%20Management/src/UI/Registration.java</file>
            <file>file:/C:/Users/BARATHI/Documents/NetBeansProjects/Sridhar_Barathi_002724505/Hospital%20Management/src/UI/LoginPanelPatient.java</file>
            <file>file:/C:/Users/BARATHI/Documents/NetBeansProjects/Sridhar_Barathi_002724505/Hospital%20Management/src/Doctor/DoctorDirectory.java</file>
            <file>file:/C:/Users/BARATHI/Documents/NetBeansProjects/Sridhar_Barathi_002724505/Hospital%20Management/src/UI/ViewCommunityAdmin.java</file>
            <file>file:/C:/Users/BARATHI/Documents/NetBeansProjects/Sridhar_Barathi_002724505/Hospital%20Management/src/UI/AddCommunityAdmin.java</file>
            <file>file:/C:/Users/BARATHI/Documents/NetBeansProjects/Sridhar_Barathi_002724505/Hospital%20Management/src/UI/ViewDoctor.java</file>
            <file>file:/C:/Users/BARATHI/Documents/NetBeansProjects/Sridhar_Barathi_002724505/Hospital%20Management/src/UI/ViewPatients.java</file>
            <file>file:/C:/Users/BARATHI/Documents/NetBeansProjects/Sridhar_Barathi_002724505/Hospital%20Management/src/UI/LoginPanelDoctor.java</file>
            <file>file:/C:/Users/BARATHI/Documents/NetBeansProjects/Sridhar_Barathi_002724505/Hospital%20Management/src/UI/AddVitals.java</file>
            <file>file:/C:/Users/BARATHI/Documents/NetBeansProjects/Sridhar_Barathi_002724505/Hospital%20Management/src/UI/MainScreen.java</file>
        </group>
    </open-files>
</project-private>
